{"stats":{"minecraft:broken":{"minecraft:golden_hoe":1,"minecraft:golden_boots":2,"minecraft:leather_chestplate":2,"minecraft:iron_sword":1,"minecraft:golden_pickaxe":1},"minecraft:picked_up":{"minecraft:birch_door":1,"minecraft:crafting_table":5,"minecraft:chicken":7,"minecraft:clay_ball":4,"minecraft:leather_leggings":2,"minecraft:redstone_lamp":2,"minecraft:brown_mushroom":4,"minecraft:oak_stairs":3,"minecraft:potion":1,"minecraft:stone_brick_stairs":2,"minecraft:amethyst_block":2,"minecraft:string":4,"minecraft:iron_leggings":1,"minecraft:cracked_stone_bricks":6,"minecraft:cobbled_deepslate":48,"minecraft:redstone_torch":1,"minecraft:calcite":12,"minecraft:poppy":2,"minecraft:smooth_quartz":50,"minecraft:light_gray_wool":1,"minecraft:melon_slice":84,"minecraft:smooth_quartz_stairs":1,"minecraft:furnace":4,"minecraft:egg":2,"minecraft:tipped_arrow":3,"minecraft:raw_iron":4,"minecraft:stick":2,"minecraft:stripped_mangrove_wood":2,"minecraft:birch_trapdoor":1,"minecraft:acacia_log":4,"minecraft:spruce_stairs":2,"minecraft:porkchop":9,"tombstone:grave_dust":9,"minecraft:diorite":27,"minecraft:carrot":1,"minecraft:redstone":2,"minecraft:mangrove_trapdoor":1,"minecraft:dark_oak_planks":8,"minecraft:arrow":11,"minecraft:mangrove_stairs":1,"minecraft:rotten_flesh":37,"minecraft:nether_bricks":31,"minecraft:hay_block":46,"minecraft:red_tulip":1,"minecraft:stripped_dark_oak_wood":2,"minecraft:mutton":22,"minecraft:iron_bars":4,"minecraft:cobblestone":160,"minecraft:white_wool":9,"minecraft:lime_bed":1,"minecraft:leather_chestplate":2,"minecraft:feather":10,"minecraft:repeater":1,"minecraft:andesite":16,"minecraft:brown_wool":2,"minecraft:golden_leggings":3,"minecraft:red_mushroom":3,"minecraft:smoker":1,"minecraft:acacia_wood":9,"minecraft:potato":1,"minecraft:flint":6,"minecraft:chainmail_chestplate":1,"minecraft:oak_log":27,"minecraft:golden_boots":3,"minecraft:cobblestone_stairs":1,"minecraft:acacia_boat":1,"minecraft:dirt":22,"minecraft:leather_boots":1,"minecraft:bone":8,"minecraft:acacia_planks":4,"minecraft:stone_bricks":9,"minecraft:bow":3,"minecraft:wheat_seeds":11,"minecraft:iron_ingot":5,"tombstone:bag_of_seeds":1,"minecraft:mossy_stone_bricks":8,"minecraft:oak_planks":27,"minecraft:book":24,"minecraft:chiseled_stone_bricks":1,"minecraft:gravel":9,"minecraft:nether_brick_stairs":1,"minecraft:white_bed":1,"minecraft:cyan_bed":6,"minecraft:mossy_cobblestone":5,"minecraft:bundle":1,"minecraft:light_gray_concrete":20,"minecraft:granite":23,"minecraft:mossy_cobblestone_stairs":1,"minecraft:gray_wool":2,"minecraft:golden_apple":1,"minecraft:bread":26,"minecraft:netherrack":12,"tombstone:magic_scroll":1,"minecraft:oak_sapling":1,"minecraft:black_wool":1,"minecraft:melon_seeds":1},"minecraft:killed":{"minecraft:spider":5,"minecraft:skeleton":11,"minecraft:chicken":7,"minecraft:husk":7,"minecraft:pig":6,"minecraft:iron_golem":1,"minecraft:sheep":17,"minecraft:zombie":45,"minecraft:enderman":2},"minecraft:custom":{"minecraft:mob_kills":101,"minecraft:interact_with_crafting_table":24,"minecraft:open_barrel":1,"minecraft:leave_game":2,"minecraft:time_since_death":180460,"minecraft:climb_one_cm":20982,"minecraft:sprint_one_cm":344100,"minecraft:walk_one_cm":530261,"minecraft:damage_blocked_by_shield":3010,"minecraft:drop":91,"minecraft:play_time":195503,"minecraft:deaths":1,"minecraft:sneak_time":21789,"minecraft:walk_under_water_one_cm":11768,"minecraft:boat_one_cm":6840,"minecraft:jump":1802,"minecraft:walk_on_water_one_cm":59176,"minecraft:total_world_time":195503,"minecraft:interact_with_furnace":35,"minecraft:interact_with_loom":1,"minecraft:sleep_in_bed":9,"minecraft:time_since_rest":243,"minecraft:damage_taken":3974,"minecraft:damage_dealt":18768,"minecraft:swim_one_cm":23657,"minecraft:player_kills":1,"minecraft:fly_one_cm":242896,"minecraft:open_chest":43,"minecraft:crouch_one_cm":51009,"tombstone:undead_killed":63,"minecraft:interact_with_smoker":7,"minecraft:fall_one_cm":39572,"minecraft:horse_one_cm":935751},"minecraft:crafted":{"minecraft:oak_planks":96,"minecraft:cooked_chicken":7,"minecraft:furnace":1,"minecraft:cooked_mutton":24,"minecraft:iron_axe":1,"minecraft:stone_pickaxe":1,"minecraft:wheat":342,"minecraft:smoker":1,"minecraft:cooked_beef":2,"minecraft:cooked_porkchop":9,"minecraft:crafting_table":4,"minecraft:wooden_pickaxe":1,"minecraft:iron_sword":2,"minecraft:stone_axe":1,"minecraft:acacia_boat":1,"minecraft:bread":114,"minecraft:charcoal":5,"minecraft:shield":1,"minecraft:stick":20,"minecraft:iron_ingot":3,"minecraft:iron_pickaxe":1,"minecraft:wooden_axe":1,"minecraft:stone_sword":1,"minecraft:iron_shovel":1,"minecraft:acacia_planks":36},"minecraft:used":{"minecraft:stone_sword":120,"minecraft:iron_shovel":22,"minecraft:flint_and_steel":37,"minecraft:shield":43,"minecraft:iron_sword":467,"minecraft:cooked_chicken":7,"minecraft:netherrack":36,"minecraft:dirt":22,"minecraft:nether_bricks":40,"minecraft:granite":23,"minecraft:wooden_axe":21,"minecraft:iron_axe":20,"minecraft:oak_stairs":3,"minecraft:smooth_quartz":50,"minecraft:stone_bricks":2,"minecraft:bow":5,"minecraft:redstone_lamp":2,"minecraft:furnace":4,"minecraft:oak_sapling":1,"tombstone:gift":4,"minecraft:cooked_beef":1,"minecraft:cobbled_deepslate":25,"minecraft:acacia_planks":5,"minecraft:mossy_stone_bricks":3,"minecraft:acacia_boat":1,"minecraft:diorite":24,"minecraft:stone_pickaxe":117,"minecraft:oak_planks":94,"minecraft:wooden_pickaxe":26,"minecraft:cracked_stone_bricks":5,"minecraft:mossy_cobblestone":2,"minecraft:golden_hoe":36,"minecraft:lime_bed":1,"minecraft:crafting_table":9,"minecraft:mushroom_stew":1,"minecraft:white_bed":1,"minecraft:smoker":1,"tombstone:bag_of_seeds":2,"minecraft:light_gray_concrete":4,"minecraft:cyan_bed":5,"minecraft:bread":56,"minecraft:iron_pickaxe":276,"minecraft:gravel":7,"minecraft:stone_axe":86,"minecraft:cobblestone":143,"minecraft:potion":1,"minecraft:cooked_porkchop":9,"minecraft:andesite":14,"minecraft:golden_pickaxe":89},"minecraft:dropped":{"minecraft:bread":75,"minecraft:bowl":1,"minecraft:cooked_mutton":24},"minecraft:mined":{"minecraft:dark_oak_planks":8,"minecraft:white_bed":1,"minecraft:spruce_planks":1,"minecraft:mossy_cobblestone":7,"minecraft:nether_bricks":35,"minecraft:granite":25,"minecraft:acacia_log":4,"minecraft:grass_block":6,"minecraft:redstone_wire":4,"minecraft:mangrove_trapdoor":1,"minecraft:spawner":8,"minecraft:hay_block":46,"minecraft:furnace":4,"minecraft:iron_ore":4,"minecraft:fire":12,"minecraft:acacia_wood":12,"minecraft:andesite":16,"minecraft:stripped_dark_oak_wood":2,"minecraft:nether_brick_stairs":6,"minecraft:bookshelf":8,"minecraft:red_tulip":1,"minecraft:vine":2,"minecraft:oak_stairs":3,"minecraft:iron_bars":2,"minecraft:light_gray_concrete":27,"minecraft:smooth_quartz_stairs":1,"minecraft:stone":148,"minecraft:stripped_mangrove_wood":2,"minecraft:redstone_wall_torch":1,"minecraft:acacia_leaves":1,"minecraft:mangrove_stairs":1,"minecraft:soul_sand":1,"minecraft:smoker":1,"minecraft:chiseled_quartz_block":7,"minecraft:clay":1,"minecraft:crafting_table":5,"minecraft:calcite":12,"minecraft:poppy":1,"minecraft:melon":15,"minecraft:rose_bush":1,"minecraft:tall_grass":5,"minecraft:cobblestone":6,"minecraft:cyan_bed":4,"minecraft:oak_planks":23,"minecraft:diorite":26,"minecraft:amethyst_block":2,"minecraft:deepslate_copper_ore":2,"minecraft:spruce_stairs":2,"minecraft:repeater":1,"minecraft:wheat":2,"minecraft:birch_trapdoor":1,"minecraft:birch_leaves":6,"minecraft:birch_door":1,"minecraft:stone_brick_stairs":1,"minecraft:grass":30,"minecraft:oak_log":25,"minecraft:gravel":3,"minecraft:dirt":16,"minecraft:smooth_quartz":54,"minecraft:cracked_stone_bricks":5,"minecraft:acacia_planks":2,"minecraft:stone_bricks":3,"minecraft:polished_andesite":1,"minecraft:netherrack":12,"minecraft:mossy_stone_bricks":7,"minecraft:oak_leaves":15,"minecraft:deepslate":54,"minecraft:redstone_lamp":4}},"DataVersion":3465}