{"stats":{"minecraft:broken":{"minecraft:golden_boots":1,"minecraft:chainmail_leggings":1,"minecraft:iron_boots":1,"minecraft:chainmail_helmet":1,"minecraft:shield":1,"minecraft:golden_axe":1,"minecraft:stone_axe":1},"minecraft:picked_up":{"minecraft:cocoa_beans":1,"minecraft:crafting_table":2,"minecraft:chainmail_boots":1,"minecraft:leather_leggings":2,"minecraft:potion":2,"minecraft:enchanted_book":1,"minecraft:brick":3,"minecraft:waxed_cut_copper_slab":5,"minecraft:iron_leggings":3,"minecraft:item_frame":3,"minecraft:cracked_stone_bricks":3,"minecraft:diamond_leggings":1,"minecraft:calcite":2,"minecraft:player_head":3,"minecraft:iron_nugget":24,"minecraft:chest":1,"minecraft:egg":3,"minecraft:iron_boots":2,"minecraft:golden_helmet":1,"minecraft:stripped_mangrove_wood":1,"minecraft:torch":45,"minecraft:acacia_log":4,"minecraft:spruce_stairs":1,"minecraft:cake":3,"tombstone:grave_dust":7,"minecraft:carrot":15,"minecraft:golden_chestplate":2,"minecraft:stone_pressure_plate":1,"minecraft:dark_oak_planks":4,"minecraft:tnt":1,"minecraft:arrow":23,"minecraft:rotten_flesh":72,"minecraft:pumpkin_pie":2,"minecraft:nether_bricks":9,"minecraft:stripped_dark_oak_wood":1,"minecraft:obsidian":3,"minecraft:iron_bars":10,"minecraft:white_wool":3,"minecraft:cobblestone":40,"minecraft:birch_log":11,"minecraft:enchanting_table":2,"minecraft:leather_chestplate":1,"minecraft:clock":1,"minecraft:andesite":3,"minecraft:leather":2,"minecraft:golden_leggings":2,"minecraft:potato":1,"minecraft:birch_planks":4,"minecraft:oak_log":4,"minecraft:golden_boots":1,"minecraft:dirt":25,"tombstone:gift":2,"minecraft:cooked_mutton":15,"minecraft:bone":14,"minecraft:acacia_planks":67,"minecraft:apple":9,"minecraft:stone_bricks":1,"minecraft:bow":3,"minecraft:iron_ingot":2,"minecraft:stone_pickaxe":2,"minecraft:cobweb":1,"minecraft:mossy_stone_bricks":4,"minecraft:glass_bottle":1,"minecraft:iron_sword":2,"minecraft:oak_planks":2,"minecraft:book":13,"minecraft:torchflower_seeds":3,"minecraft:nether_brick_stairs":4,"minecraft:blast_furnace":8,"minecraft:white_bed":3,"minecraft:nether_brick_slab":2,"minecraft:cyan_bed":2,"minecraft:mossy_cobblestone":11,"minecraft:bundle":1,"minecraft:diamond_shovel":1,"minecraft:chainmail_leggings":1,"minecraft:diamond_axe":1,"minecraft:golden_apple":1,"minecraft:bread":23,"minecraft:chainmail_helmet":1,"tombstone:magic_scroll":4,"minecraft:netherrack":1,"minecraft:coal":1,"minecraft:ender_pearl":1},"minecraft:killed":{"minecraft:spider":1,"minecraft:skeleton":13,"minecraft:husk":1,"minecraft:creeper":1,"minecraft:sheep":4,"minecraft:donkey":1,"minecraft:zombie":33,"minecraft:stray":4,"minecraft:wither_skeleton":5,"minecraft:enderman":1},"minecraft:custom":{"minecraft:mob_kills":65,"minecraft:interact_with_crafting_table":7,"minecraft:open_barrel":10,"minecraft:eat_cake_slice":15,"minecraft:leave_game":4,"minecraft:time_since_death":40968,"minecraft:climb_one_cm":3439,"minecraft:sprint_one_cm":563463,"minecraft:walk_one_cm":570627,"minecraft:damage_blocked_by_shield":4665,"minecraft:drop":82,"minecraft:play_time":147546,"minecraft:deaths":9,"minecraft:sneak_time":3512,"minecraft:walk_under_water_one_cm":10152,"minecraft:jump":1423,"minecraft:interact_with_blast_furnace":3,"minecraft:walk_on_water_one_cm":70305,"minecraft:total_world_time":147546,"minecraft:interact_with_furnace":3,"minecraft:sleep_in_bed":8,"minecraft:time_since_rest":40736,"minecraft:damage_taken":8449,"minecraft:damage_dealt":11043,"minecraft:swim_one_cm":26018,"minecraft:fly_one_cm":207954,"minecraft:open_chest":110,"minecraft:crouch_one_cm":5799,"tombstone:undead_killed":56,"minecraft:fall_one_cm":30351},"minecraft:crafted":{"minecraft:oak_planks":16,"minecraft:stone_pickaxe":1,"minecraft:cooked_porkchop":3,"minecraft:crafting_table":1,"minecraft:wooden_pickaxe":1,"minecraft:birch_planks":24,"minecraft:stone_axe":1,"minecraft:air":0,"minecraft:shield":1,"minecraft:stick":8,"minecraft:wooden_axe":1,"minecraft:white_bed":1,"minecraft:acacia_planks":16},"minecraft:used":{"minecraft:beetroot":8,"minecraft:iron_bars":1,"minecraft:iron_shovel":1,"minecraft:flint_and_steel":24,"minecraft:chest":1,"minecraft:shield":51,"minecraft:iron_sword":255,"minecraft:netherrack":1,"minecraft:torch":58,"minecraft:dirt":39,"minecraft:carrot":13,"minecraft:wooden_axe":17,"minecraft:bow":22,"tombstone:gift":6,"minecraft:cooked_beef":15,"minecraft:acacia_planks":28,"minecraft:golden_axe":16,"minecraft:cooked_mutton":14,"minecraft:stone_pickaxe":46,"minecraft:polished_andesite":24,"minecraft:oak_planks":5,"minecraft:ender_pearl":1,"minecraft:wooden_pickaxe":20,"minecraft:diamond_axe":7,"minecraft:mossy_cobblestone":2,"minecraft:tnt":1,"minecraft:crafting_table":3,"minecraft:white_bed":4,"minecraft:cake":5,"minecraft:apple":13,"minecraft:bread":30,"minecraft:cyan_bed":2,"minecraft:iron_pickaxe":93,"tombstone:magic_scroll":1,"minecraft:stone_axe":79,"minecraft:cobblestone":25,"minecraft:potion":5,"minecraft:cooked_porkchop":3,"minecraft:andesite":1,"minecraft:birch_log":5,"minecraft:pumpkin_pie":8},"minecraft:dropped":{"minecraft:nether_brick_stairs":4,"minecraft:enchanted_book":1,"minecraft:bread":9,"minecraft:iron_sword":1,"minecraft:birch_planks":8,"minecraft:clock":1,"minecraft:golden_helmet":2,"minecraft:mossy_cobblestone":3,"minecraft:glass_bottle":2,"minecraft:cobblestone":5,"minecraft:cracked_stone_bricks":3,"minecraft:polished_andesite":12,"minecraft:stick":2,"minecraft:cobweb":1,"tombstone:grave_dust":7,"minecraft:potion":2,"minecraft:iron_leggings":3,"minecraft:pumpkin_pie":4,"minecraft:bone":6,"minecraft:iron_nugget":24,"minecraft:golden_chestplate":2,"minecraft:cocoa_beans":1,"minecraft:rotten_flesh":82,"minecraft:oak_planks":2,"minecraft:iron_boots":1,"minecraft:nether_bricks":6,"minecraft:torchflower_seeds":3,"minecraft:chainmail_chestplate":1,"minecraft:blast_furnace":4,"minecraft:bundle":1,"minecraft:andesite":2,"minecraft:mossy_stone_bricks":2,"minecraft:golden_leggings":1,"minecraft:leather_leggings":3,"minecraft:stone_pressure_plate":1,"minecraft:stone_bricks":1,"minecraft:iron_bars":5,"minecraft:arrow":1,"minecraft:bow":2,"minecraft:stone_pickaxe":2,"minecraft:calcite":2,"minecraft:brick":3,"minecraft:egg":3},"minecraft:killed_by":{"minecraft:player":2},"minecraft:mined":{"minecraft:dark_oak_planks":4,"minecraft:waxed_cut_copper_slab":4,"minecraft:white_bed":1,"minecraft:mossy_cobblestone":8,"minecraft:nether_bricks":13,"minecraft:grass_block":3,"minecraft:spawner":19,"minecraft:fire":5,"minecraft:andesite":1,"minecraft:stripped_dark_oak_wood":1,"minecraft:nether_brick_stairs":4,"minecraft:bookshelf":3,"minecraft:vine":1,"minecraft:flowering_azalea_leaves":1,"minecraft:iron_bars":20,"minecraft:stone":35,"minecraft:stripped_mangrove_wood":1,"minecraft:player_head":1,"minecraft:cake":1,"minecraft:soul_fire":2,"minecraft:crafting_table":2,"minecraft:torch":1,"minecraft:blast_furnace":4,"minecraft:calcite":2,"minecraft:chest":3,"minecraft:nether_brick_slab":2,"minecraft:cobblestone":8,"minecraft:cyan_bed":4,"minecraft:oak_planks":1,"minecraft:diorite":1,"minecraft:spruce_stairs":1,"minecraft:dark_oak_slab":1,"minecraft:birch_log":11,"minecraft:stone_brick_stairs":1,"minecraft:oak_log":4,"minecraft:coal_ore":1,"minecraft:gravel":2,"minecraft:dirt":8,"minecraft:cracked_stone_bricks":3,"minecraft:acacia_planks":7,"minecraft:stone_bricks":4,"minecraft:netherrack":4,"minecraft:mossy_stone_bricks":3,"minecraft:oak_leaves":1,"minecraft:deepslate":2}},"DataVersion":3465}