{"stats":{"minecraft:broken":{"minecraft:golden_helmet":1,"minecraft:leather_leggings":1,"minecraft:stone_pickaxe":1,"minecraft:shield":1,"minecraft:iron_axe":1,"minecraft:stone_axe":1,"minecraft:wooden_axe":1},"minecraft:picked_up":{"minecraft:cocoa_beans":1,"minecraft:crafting_table":3,"minecraft:chicken":1,"minecraft:leather_leggings":2,"minecraft:brown_mushroom":8,"minecraft:lead":2,"minecraft:potion":3,"minecraft:enchanted_book":6,"minecraft:shield":2,"minecraft:string":3,"minecraft:red_nether_bricks":1,"minecraft:waxed_cut_copper_slab":2,"minecraft:iron_axe":1,"minecraft:flint_and_steel":1,"minecraft:iron_leggings":1,"minecraft:sticky_piston":6,"minecraft:iron_shovel":4,"minecraft:cracked_stone_bricks":5,"minecraft:cobbled_deepslate":4,"tombstone:scroll_of_unstable_intangibility":1,"minecraft:beef":1,"minecraft:calcite":2,"minecraft:iron_nugget":31,"minecraft:iron_boots":1,"minecraft:melon_slice":37,"minecraft:chest":1,"minecraft:birch_sapling":1,"minecraft:piston":1,"minecraft:egg":1,"minecraft:golden_helmet":1,"minecraft:stick":15,"minecraft:torch":19,"minecraft:acacia_log":4,"minecraft:bowl":1,"minecraft:porkchop":6,"tombstone:grave_dust":24,"minecraft:carrot":14,"minecraft:redstone":52,"minecraft:stone_pressure_plate":1,"minecraft:tnt":3,"minecraft:arrow":35,"minecraft:rotten_flesh":35,"minecraft:stone_shovel":1,"minecraft:beetroot_seeds":10,"minecraft:pumpkin_pie":2,"minecraft:golden_hoe":1,"minecraft:nether_bricks":3,"minecraft:gold_ingot":8,"minecraft:obsidian":2,"minecraft:leather_horse_armor":1,"minecraft:white_wool":8,"minecraft:mutton":14,"minecraft:iron_bars":10,"minecraft:cobblestone":39,"minecraft:birch_log":1,"minecraft:lime_bed":1,"minecraft:feather":1,"minecraft:repeater":1,"minecraft:glow_ink_sac":1,"minecraft:red_mushroom":6,"minecraft:birch_planks":16,"minecraft:flint":1,"minecraft:oak_log":7,"minecraft:nether_wart_block":1,"minecraft:gunpowder":39,"minecraft:acacia_boat":2,"minecraft:lapis_lazuli":4,"minecraft:dirt":11,"tombstone:gift":1,"minecraft:cooked_mutton":10,"minecraft:bone":49,"minecraft:acacia_planks":1,"minecraft:stone_bricks":2,"minecraft:bow":5,"minecraft:wheat_seeds":1,"minecraft:wild_armor_trim_smithing_template":6,"minecraft:iron_ingot":11,"minecraft:stone_pickaxe":2,"minecraft:cobweb":4,"tombstone:bag_of_seeds":1,"minecraft:mossy_stone_bricks":2,"minecraft:glass_bottle":1,"minecraft:oak_planks":1,"minecraft:dark_oak_slab":1,"minecraft:gravel":6,"minecraft:torchflower_seeds":3,"minecraft:sand":1,"minecraft:nether_brick_stairs":2,"minecraft:blast_furnace":6,"minecraft:white_bed":4,"minecraft:acacia_stairs":2,"minecraft:leather_helmet":1,"minecraft:mossy_cobblestone":4,"minecraft:slime_ball":1,"minecraft:diamond":1,"minecraft:diamond_axe":1,"minecraft:golden_apple":2,"minecraft:bread":36,"tombstone:magic_scroll":1,"minecraft:netherrack":3,"minecraft:oak_sapling":5,"minecraft:melon_seeds":6,"minecraft:coal":12},"minecraft:killed":{"minecraft:spider":2,"minecraft:skeleton":20,"minecraft:chicken":1,"minecraft:magma_cube":2,"minecraft:husk":15,"minecraft:pig":5,"minecraft:creeper":3,"minecraft:sheep":7,"minecraft:zombie":37,"minecraft:stray":3,"minecraft:wither_skeleton":1,"minecraft:cow":1},"minecraft:custom":{"minecraft:mob_kills":99,"minecraft:interact_with_crafting_table":16,"minecraft:open_barrel":2,"minecraft:eat_cake_slice":13,"minecraft:leave_game":2,"minecraft:time_since_death":14756,"minecraft:climb_one_cm":22506,"minecraft:damage_resisted":229,"minecraft:sprint_one_cm":805990,"minecraft:walk_one_cm":659202,"minecraft:damage_blocked_by_shield":5700,"minecraft:drop":75,"minecraft:play_time":200980,"minecraft:deaths":21,"minecraft:sneak_time":1933,"minecraft:walk_under_water_one_cm":18493,"minecraft:boat_one_cm":99720,"minecraft:jump":2628,"minecraft:walk_on_water_one_cm":46715,"minecraft:total_world_time":200980,"minecraft:interact_with_furnace":8,"minecraft:sleep_in_bed":5,"minecraft:time_since_rest":179,"minecraft:damage_taken":10621,"minecraft:damage_absorbed":335,"minecraft:damage_dealt":19902,"minecraft:swim_one_cm":39811,"minecraft:fly_one_cm":488359,"minecraft:player_kills":1,"minecraft:open_chest":103,"minecraft:crouch_one_cm":8016,"tombstone:undead_killed":76,"minecraft:fall_one_cm":70201},"minecraft:crafted":{"minecraft:oak_planks":24,"minecraft:furnace":2,"minecraft:cooked_mutton":5,"minecraft:iron_axe":2,"minecraft:stone_pickaxe":1,"minecraft:cooked_porkchop":2,"minecraft:crafting_table":5,"minecraft:wooden_pickaxe":1,"minecraft:birch_planks":4,"minecraft:stone_axe":1,"minecraft:acacia_boat":1,"minecraft:air":0,"minecraft:shield":1,"minecraft:stick":12,"minecraft:iron_ingot":2,"minecraft:wooden_axe":1,"minecraft:white_bed":1,"minecraft:acacia_planks":16},"minecraft:used":{"minecraft:iron_bars":2,"minecraft:flint_and_steel":1,"minecraft:chest":1,"minecraft:shield":65,"minecraft:netherrack":2,"minecraft:torch":7,"minecraft:dirt":9,"minecraft:nether_brick_stairs":1,"minecraft:wooden_axe":36,"minecraft:iron_axe":190,"minecraft:stone_bricks":1,"minecraft:bow":16,"minecraft:furnace":2,"tombstone:gift":5,"minecraft:egg":1,"minecraft:cobbled_deepslate":4,"minecraft:enchanted_golden_apple":2,"minecraft:golden_axe":1,"minecraft:calcite":2,"minecraft:cooked_mutton":15,"minecraft:acacia_boat":2,"minecraft:mossy_stone_bricks":1,"minecraft:birch_planks":4,"minecraft:red_nether_bricks":1,"minecraft:stone_pickaxe":121,"minecraft:baked_potato":6,"minecraft:oak_planks":4,"minecraft:wooden_pickaxe":21,"minecraft:diamond_axe":2,"minecraft:cracked_stone_bricks":1,"minecraft:white_wool":5,"minecraft:golden_apple":1,"minecraft:mossy_cobblestone":2,"minecraft:sand":1,"minecraft:lime_bed":1,"minecraft:crafting_table":8,"minecraft:white_bed":5,"tombstone:bag_of_seeds":2,"minecraft:apple":1,"minecraft:melon_slice":22,"minecraft:bread":38,"minecraft:gravel":4,"minecraft:stone_axe":66,"minecraft:nether_wart_block":1,"minecraft:diamond_sword":58,"minecraft:cobblestone":9,"minecraft:potion":1,"minecraft:cooked_porkchop":2,"minecraft:porkchop":2,"minecraft:pumpkin_pie":6},"minecraft:dropped":{"minecraft:enchanted_book":3,"minecraft:iron_ingot":1,"minecraft:bread":1,"minecraft:acacia_boat":1,"minecraft:brown_mushroom":8,"minecraft:golden_helmet":1,"minecraft:oak_log":1,"minecraft:glow_ink_sac":1,"minecraft:glass_bottle":2,"minecraft:ender_pearl":1,"minecraft:golden_axe":1,"minecraft:lead":1,"minecraft:cracked_stone_bricks":2,"minecraft:coal":5,"minecraft:leather_helmet":1,"minecraft:flint":1,"minecraft:red_mushroom":6,"minecraft:stick":5,"minecraft:cobweb":2,"minecraft:torch":15,"minecraft:leather_horse_armor":1,"minecraft:mutton":4,"tombstone:grave_dust":2,"minecraft:potion":1,"minecraft:iron_leggings":1,"minecraft:golden_hoe":2,"minecraft:iron_shovel":1,"minecraft:string":3,"minecraft:acacia_planks":2,"minecraft:bone":1,"minecraft:redstone":52,"minecraft:gravel":2,"minecraft:cocoa_beans":1,"minecraft:sticky_piston":6,"minecraft:stone_shovel":1,"minecraft:chicken":1,"minecraft:rotten_flesh":11,"minecraft:nether_bricks":3,"minecraft:acacia_stairs":1,"minecraft:torchflower_seeds":3,"minecraft:carrot":7,"minecraft:leather_chestplate":1,"minecraft:shield":1,"minecraft:beetroot_seeds":15,"minecraft:melon_seeds":6,"minecraft:mossy_stone_bricks":2,"minecraft:golden_leggings":2,"minecraft:leather_leggings":2,"minecraft:stone_pressure_plate":1,"minecraft:arrow":2,"minecraft:bow":5,"minecraft:stone_pickaxe":2},"minecraft:killed_by":{"minecraft:stray":2,"minecraft:zombie":1},"minecraft:mined":{"minecraft:waxed_cut_copper_slab":2,"minecraft:white_bed":6,"minecraft:mossy_cobblestone":4,"minecraft:red_nether_bricks":1,"minecraft:nether_bricks":2,"minecraft:acacia_log":4,"minecraft:grass_block":5,"minecraft:chiseled_stone_bricks":1,"minecraft:spawner":25,"minecraft:glowstone":1,"minecraft:fire":1,"minecraft:andesite":1,"minecraft:nether_brick_stairs":2,"minecraft:enchanting_table":1,"minecraft:bookshelf":1,"minecraft:iron_bars":10,"minecraft:stone":36,"minecraft:white_wool":2,"minecraft:tripwire":2,"minecraft:crafting_table":3,"minecraft:blast_furnace":3,"minecraft:melon":7,"minecraft:tall_grass":1,"minecraft:cobblestone":3,"minecraft:oak_planks":2,"minecraft:wall_torch":3,"minecraft:amethyst_block":1,"minecraft:lime_bed":1,"minecraft:birch_planks":4,"minecraft:repeater":1,"minecraft:nether_wart_block":1,"minecraft:birch_log":1,"minecraft:birch_leaves":4,"minecraft:grass":8,"minecraft:coal_ore":8,"minecraft:oak_log":8,"minecraft:gravel":5,"minecraft:sand":1,"minecraft:dirt":8,"minecraft:cracked_stone_bricks":3,"minecraft:stone_bricks":4,"minecraft:mossy_stone_bricks":2,"minecraft:piston":1,"minecraft:oak_leaves":3,"minecraft:deepslate":4}},"DataVersion":3465}